id,teeth,makeup,facialhair,attractive,friendly,gender
1,0,0,2,3,3.17,1
2,2,1,0,2.42,4.33,0
3,2,0,0,2.75,4.17,1
4,0,0,1,2,2,1
5,0,0,1,2.5,3.17,1
6,1,1,0,2.83,4.08,0
7,1,0,0,3,4.17,1
8,0,0,1,2.75,1.92,1
9,1,0,1,3.42,4.17,1
10,1,0,1,1.75,2.92,1
11,0,0,1,3.17,3.42,1
12,2,0,0,3.58,4,1
13,1,0,0,2.67,2,1
14,0,0,1,2,2.25,1
15,0,0,0,2.08,2.67,1
16,1,0,0,1.67,3.08,1
17,0,0,0,1.83,2.67,1
18,0,0,0,2.83,2.83,1
19,1,2,0,4,3.83,0
20,0,0,0,2.08,2.42,1
21,0,0,0,2.58,1.83,1
22,1,0,0,2.42,3.92,1
23,2,1,0,3.92,4.42,0
24,2,1,0,3.17,3.75,0
25,0,0,0,1.42,1.67,1
26,0,0,1,3.25,4.25,1
27,2,1,0,3.33,4,0
28,2,1,0,3.58,4.25,0
29,1,0,0,2.67,3.33,1
30,1,1,0,2.67,3.75,0
31,2,0,0,3.25,3.75,1
32,2,2,0,3.92,3.83,0
33,1,0,1,2.92,4.25,1
34,1,0,0,2,2.58,1
35,1,0,0,3.5,4,1
36,0,0,2,1.58,1.33,1
37,1,0,0,2.5,3.92,1
38,1,0,0,2.67,3.33,0
39,2,1,0,3.33,4.42,0
40,0,0,2,2.17,3.92,1
41,2,0,0,3.25,4.33,1
42,2,1,0,2.42,4,0
43,0,0,2,1.58,1.83,1
44,0,0,0,3.08,3.17,1
45,2,2,0,4.67,4.25,0
46,0,0,2,2.17,3.33,1
47,0,0,1,2.92,3.08,1
48,2,1,0,3,3.83,0
49,1,2,0,2.75,3.83,0
50,0,0,2,2.42,3.17,1
51,0,0,1,2.75,3.25,1
52,1,0,0,2.58,3.92,1
53,0,0,1,4.25,3.58,1
54,0,0,0,2.08,3.42,1
55,0,0,0,3.25,3.17,1
56,0,1,0,3.17,3.42,0
57,0,0,0,2.17,1.42,0
58,2,1,0,3,4.75,0
59,2,0,0,3.33,3.92,1
60,2,1,0,4.33,4.08,0
61,2,1,0,2.67,3.83,0
62,1,0,0,2.67,3.67,1
63,0,0,1,2.08,3.42,1
64,1,0,1,3.42,3.92,1
65,1,0,0,3.67,4,1
66,1,0,0,1.67,3.75,0
67,0,0,0,1.75,2.5,0
68,2,1,0,3.67,4.33,0
69,2,0,0,3.5,3.92,1
70,0,0,1,1.83,1.33,1
71,2,2,0,4.67,3.92,0
72,0,0,2,2.08,3,1
73,0,0,0,2,1.67,1
74,1,0,0,2.92,3.67,1
75,2,1,0,3.67,3.92,0
76,1,0,0,3.75,3.25,1
77,0,0,1,2.25,2.42,1
78,1,0,0,2.33,3.08,1
79,1,1,0,1.58,3.67,0
80,0,2,0,4,3.42,0
81,2,1,0,3.33,4.33,0
82,2,1,0,2.75,3.17,0
83,1,0,0,2.08,4,1
84,1,1,0,2.83,2.83,0
85,2,1,0,3.83,4.5,0
86,2,0,0,2.58,4.08,0
87,1,0,0,2.58,3.5,1
88,2,1,0,4.08,4.17,0
89,2,1,0,2.33,3.75,0
90,0,0,0,2.42,3.33,1
91,0,0,0,2.67,2.92,1
92,0,0,1,3.75,3.08,1
93,2,1,0,4.33,4.75,0
94,0,0,0,1.83,2.17,1
95,1,0,2,2.83,3.92,1
96,0,0,0,3.25,2.75,1
97,1,0,0,3.08,3.5,1
98,0,0,2,1.83,1.42,1
99,0,0,0,2.58,3.33,1
100,2,0,0,2.58,3.75,0
101,2,1,0,3.58,4.25,0
102,1,0,0,2.67,3.67,1
103,0,0,0,2.25,3.33,0
104,2,2,0,3.92,3.75,0
105,1,2,0,2.08,2.42,0
106,2,1,0,3.5,4,0
107,0,2,0,4.33,2.25,0
108,0,1,0,1.83,1.92,0
109,0,0,0,2.17,2.25,1
110,0,0,1,4.08,2.17,1
111,0,0,1,3.92,2.83,1
112,0,0,1,3.25,2.75,1
113,2,0,2,3,4.33,1
114,0,0,0,2.08,2.17,1
115,2,1,0,2.42,3.25,0
116,0,0,1,3.33,2.83,1
117,2,1,0,4.58,4.42,0
118,0,1,0,2,1.17,0
119,1,1,0,2.67,3.75,0
120,2,0,0,3.58,4.58,1
121,0,0,0,2,2.42,1
122,1,0,0,3,3.5,1
123,2,1,0,3,4,0
124,0,0,0,1.5,2.42,0
125,0,0,0,3,2.83,1
126,0,0,0,1.75,2.42,1
127,2,1,0,2.08,3.75,0
128,0,0,0,3.42,2.08,1
129,1,0,0,2.25,2.83,1
130,0,0,0,1.83,2,1
131,2,0,0,4.33,4.42,1
132,1,0,1,2.17,3.33,1
133,2,2,0,4,2.92,0
134,1,0,0,2.75,3.25,1
135,1,0,0,2.5,3.17,1
136,2,1,0,3.33,3.67,0
137,0,1,0,3.83,2.83,0
138,1,1,0,2.75,3.33,0
139,1,0,0,2.42,3.83,1
140,0,1,0,2,2.83,0
141,0,0,2,1.83,3.08,1
142,2,0,1,2.67,4.08,1
143,0,0,1,1.17,1.58,1
144,0,0,2,2.33,2.58,1
145,2,1,0,2.58,4,0
146,0,0,1,2.67,3,1
147,1,1,0,3.42,3.75,0
148,1,0,0,1.67,3.75,0
149,2,1,0,3.08,4.08,0
150,2,1,0,3.08,3.5,0
151,0,0,0,1.58,1.67,0
152,2,2,0,2.42,4.17,0
153,2,1,0,4.58,4.5,0
154,1,1,0,1.75,3.25,0
155,1,0,1,3.75,3.58,1
156,0,0,1,2.58,3.25,1
157,2,0,0,3.58,3.75,1
158,1,0,0,2.5,3.58,1
159,1,1,0,2.25,3.92,0
160,2,1,0,4.17,4.08,0
161,2,1,0,3.67,4.17,0
162,0,1,0,1.92,2.08,0
163,0,0,0,2.17,3.5,1
164,0,0,0,2.17,2.33,1
165,1,0,0,3.08,3.92,1
166,2,0,0,2.83,4.25,0
167,0,0,0,2.67,3,1
168,0,0,0,2.75,2.33,1
169,0,0,1,3.33,3.33,1
170,0,0,0,1.92,2.25,1
171,2,1,0,3.08,4.25,0
172,1,0,1,2.75,3.5,1
173,1,0,1,4.08,4.25,1
174,1,0,0,2,2.75,0
175,2,0,0,2.08,4.17,1
176,0,1,0,2.58,3.08,0
177,1,0,0,2.42,3.83,1
178,2,0,0,3.42,3.92,0
179,2,1,0,4.17,4.33,0
180,0,1,0,2,2.92,0
181,2,0,0,3.5,3.58,0
182,2,1,0,1.75,3.75,0
183,0,0,1,3.08,3.33,1
184,2,0,0,2.75,3.67,1
185,1,0,1,3.58,3.83,1
186,0,0,0,3.17,3.42,1
187,2,0,0,2.58,4.58,0
188,0,0,0,3.08,2.75,1
189,2,1,0,3.75,4.17,0
190,1,0,1,3.08,3.92,1
191,2,1,0,3.08,4,0
192,0,0,1,2.25,2.25,1
193,2,1,0,3.75,3.92,0
194,1,0,0,1.5,1.83,1
195,2,0,1,3.17,4.42,1
196,2,1,0,3.58,4.33,0
197,2,0,0,2.83,3.92,1
198,0,0,0,2.33,3.58,1
199,1,0,0,3.17,3.25,1
200,0,0,1,3.17,2.92,1
201,1,0,0,2.08,3.5,1
202,0,1,0,4.25,2.58,0
203,2,1,0,2.83,3.58,0
204,0,2,0,3.92,3.25,0
205,0,0,0,1.33,1.5,0
206,0,0,0,2.42,2.08,1
207,0,0,1,2.42,3.08,1
208,0,0,0,1.67,2.25,1
209,1,1,0,3.5,3.42,0
210,0,0,2,2.08,2.5,1
211,2,1,0,3.5,4.08,0
212,0,0,0,2.75,2.5,1
213,0,0,0,1.75,3.17,1
214,1,0,2,3.08,3.08,1
215,0,1,0,3.25,3.25,0
216,0,1,0,3,2.5,0
217,1,0,0,2.25,3.75,1
218,0,2,0,3.5,3.5,0
219,2,0,0,2.58,4.17,1
220,0,0,0,1.92,2.67,1
221,1,1,0,3.83,3.75,0
222,0,1,0,2.25,3.58,0
223,2,0,0,3,4,1
224,0,0,0,3.08,3.08,1
225,1,1,0,2.83,3.5,0
226,0,0,0,2.08,1.33,1
227,0,0,2,3.08,3.67,1
228,1,0,0,2.33,3.83,0
229,1,0,0,2.17,3.58,1
230,0,0,1,3.25,2.33,1
231,2,0,2,2.58,3.67,1
232,2,0,0,2.92,4.33,0
233,1,0,0,3.25,3.67,0
234,2,0,0,3.25,4,1
235,2,0,0,3,4.33,1
236,0,0,1,2.67,2.25,1
237,1,1,0,2.75,3.58,0
238,2,1,0,3,4.33,0
239,2,0,1,3.5,4,1
240,2,0,0,3,4,1
241,2,1,0,2.75,3.33,0
242,0,0,1,2.58,2.58,1
243,2,0,0,4.67,4.67,1
244,2,0,0,3.08,2.92,1
245,1,0,1,2.83,3.5,1
246,0,0,1,2.17,1.17,1
247,1,0,0,1.92,3.17,0
248,2,1,0,4.17,4.08,0
249,2,1,0,4.17,3.83,0
250,0,2,0,3.67,3.42,0
251,1,0,0,2.58,4,1
252,0,0,0,3,3.08,1
253,2,0,0,2.75,4.33,0
254,0,0,1,2.67,2.67,1
255,0,0,0,2.08,2.42,1
256,2,1,0,3.67,3.25,0
257,2,0,1,3.25,4.08,1
258,1,1,0,3.33,2.92,0
259,0,0,1,2.67,1.58,1
260,0,0,2,3.17,4.25,1
261,2,2,0,3.42,4.08,0
262,0,0,0,2.58,3.25,1
263,0,0,0,3.25,2.5,1
264,2,0,0,3.42,4.17,1
265,0,0,2,3.08,3.42,1
266,1,0,0,2.67,3.92,1
267,2,1,0,1.92,3.25,0
268,2,1,0,4.33,4.67,0
269,2,0,1,3.33,4.08,1
270,0,0,1,2.58,2.17,1
271,0,0,2,2.25,3.17,1
272,1,2,0,3.58,3.08,0
273,1,0,1,2.17,3.58,1
274,1,0,0,1.83,2.17,0
275,0,1,0,2.83,2.75,0
276,2,1,0,3.92,4.42,0
277,1,0,0,2.17,2.42,1
278,0,0,1,3.08,2.17,1
279,2,1,0,3.67,4.5,0
280,0,0,1,3.33,2.73,1
281,2,0,1,3.42,3.58,1
282,2,2,0,4.08,4.25,0
283,2,1,0,2.92,4.33,0
284,2,1,0,2.25,4,0
285,0,0,0,1.92,1.83,1
286,0,0,1,4.5,3.08,1
287,2,1,0,2.67,3.33,0
288,2,1,0,3.17,3.83,0
289,2,1,0,3.58,4.42,0
290,2,2,0,2.92,3.33,0
291,1,0,0,2.5,2.92,1
292,2,2,0,3.42,3.67,0
293,2,0,0,3.42,4.17,1
294,2,1,0,2.58,4.17,0
295,1,0,0,3.42,3.67,1
296,0,0,1,3.08,2.33,1
297,2,0,0,2.42,3.92,1
298,1,0,0,3.17,3.58,1
299,2,1,0,3.58,4.17,0
300,0,0,2,3.92,3.92,1
301,1,0,2,3.17,4.08,1
302,1,0,0,3.08,3.58,1
303,2,1,0,3.5,4.25,0
304,1,0,0,2.58,4.67,1
305,2,0,0,2.75,4.25,1
306,1,0,0,2.25,3.5,1
307,0,0,2,2.42,2.42,1
308,2,2,0,4.5,3.58,0
309,0,2,0,3.75,3.25,0
310,2,1,0,3.33,4.17,0
311,1,0,0,2.5,2.5,1
312,0,0,0,2.75,2.67,1
313,1,0,2,2.58,3.17,1
314,1,0,0,2.5,3.92,1
315,2,1,0,3,3.83,0
316,0,2,0,2.67,2.92,0
317,2,1,0,2.92,3.67,0
318,2,1,0,2.5,3.92,0
319,1,0,1,2.08,3.33,1
320,2,1,0,3.25,4.33,0
321,0,1,0,2.67,3.42,0
322,0,0,0,3.25,2.5,1
323,1,0,0,2.58,3.08,1
324,0,0,1,2.75,3.25,1
325,0,1,0,3.58,1.83,0
326,1,0,0,2.33,3.33,1
327,2,2,0,2.75,3.67,0
328,0,2,0,3.5,2.58,0
329,1,1,0,3.5,2.5,0
330,0,0,0,2.67,2.17,1
331,2,0,2,3.25,4.33,1
332,0,1,0,2.33,3.17,0
333,1,1,0,2.58,4.33,0
334,0,0,1,2.83,3.58,1
335,0,0,0,3.5,2.83,1
336,0,0,1,1.58,1.5,1
337,0,0,1,3.75,3.58,1
338,1,0,0,2.08,3.08,1
339,2,2,0,3.58,4,0
340,1,1,0,2.83,4.08,0
341,2,1,0,4.08,4.25,0
342,0,0,1,2,1.92,1
343,0,0,1,2.58,4,1
344,0,0,0,2.83,3.67,1
345,0,0,1,3.33,2.92,1
346,1,1,0,2.58,3.42,0
347,2,1,0,2.5,4.5,0
348,0,0,0,2.5,3.17,1
349,0,0,0,2.33,2.58,1
350,1,0,1,2.92,4,1
351,1,2,0,2,2.25,0
352,1,0,1,2.5,3.17,1
353,0,0,1,1.92,1.33,1
354,0,0,1,1.83,1.67,1
355,0,0,0,2.08,3,1
356,0,0,0,2.08,1.33,1
357,0,0,0,2.83,3.25,1
358,2,0,0,2.42,3.75,0
359,0,0,0,1.5,2.42,1
360,1,0,1,3.25,3.75,1
361,2,0,0,3.08,3.83,1
362,2,1,0,3.25,3.75,0
363,1,0,0,3.42,3.42,1
364,0,0,0,2.08,2,1
365,2,1,0,2.42,4,0
366,0,0,0,2.25,2.25,1
367,1,0,0,2.33,2,1
368,0,0,2,2.33,2.5,1
369,0,0,1,2.17,1.67,1
370,1,1,0,3.25,2.83,0
371,1,1,0,4,3.5,0
372,1,0,0,2,3.5,1
373,0,0,2,3,2.92,1
374,2,0,0,3.17,3.42,1
375,0,0,0,1.67,1.67,0
376,2,0,1,3.75,4.5,1
377,1,1,0,2.08,3.42,0
378,2,2,0,3.58,4.08,0
379,1,0,1,2.75,3.5,1
380,2,0,0,3.08,4,1
381,0,0,1,2.92,2.17,1
382,2,1,0,3.08,4.08,0
383,2,1,0,3.67,4.25,0
384,0,1,0,4.33,3.83,0
385,0,0,1,2.67,3.92,1
386,2,0,2,3.83,4.5,1
387,1,0,0,2.25,3.75,1
388,2,1,0,3.17,4.08,0
389,0,1,0,4,3.83,0
390,2,0,0,2.75,3.92,1
391,0,0,0,2.83,3.17,1
392,2,1,0,2.92,4.42,0
393,2,0,1,3,3.67,1
394,0,0,0,2.5,2.25,1
395,2,0,0,2.75,4.5,1
396,2,0,1,3.25,4.33,1
397,0,0,2,2.33,1.75,1
398,2,1,0,3.25,3.92,0
399,0,0,0,2.83,3.5,1
400,2,0,0,2.75,4,1
401,0,0,0,2,1.75,1
402,1,0,0,2.08,2.25,1
403,0,0,0,1.67,2.17,1
404,1,1,0,2.75,3.5,0
405,1,0,2,3.08,4.25,1
406,0,0,0,3.83,3.58,1
407,1,1,0,1.83,3.42,0
408,1,0,0,2.58,3.75,1
409,0,0,1,3.17,2.75,1
410,0,0,1,2.33,1.42,1
411,2,2,0,4,4.25,0
412,0,0,0,2.75,3,1
413,0,0,0,3.17,3.83,1
414,1,0,0,2.5,3.58,1
415,0,0,1,1.92,1.92,1
416,2,0,0,3.08,3.58,0
417,0,0,2,2.67,2.75,1
418,0,0,1,2.42,3.08,1
419,2,0,0,1.33,3.83,0
420,2,1,0,3.83,4.33,0
421,2,0,0,4.08,4.17,1
422,1,0,0,2.75,3.25,0
423,0,0,1,3.58,2.67,1
424,2,0,0,3.58,4.33,1
425,1,0,0,3.17,3.08,1
426,1,0,0,2.83,4,1
427,1,1,0,3.17,3.83,0
428,2,0,2,2.92,3.67,1
429,2,1,0,3.83,4.42,0
430,0,0,0,2.92,3.25,1
431,2,2,0,2.83,4.33,0
432,2,1,0,2.83,4.42,0
433,0,1,0,3.33,3.17,0
434,2,1,0,3.17,4.17,0
435,1,1,0,1.58,2.92,0
436,0,1,0,3.75,2.67,0
437,1,0,0,3.67,3.67,1
438,1,0,0,2.75,4,1
439,2,1,0,3.33,3.75,0
440,2,0,1,3,4.33,1
441,0,0,1,2.75,1.83,1
442,2,1,0,3.5,4.25,0
443,0,0,0,1.92,4,1
444,0,0,1,2.25,2.5,1
445,2,1,0,3.33,4.08,0
446,2,1,0,2.58,3.75,0
447,1,1,0,3.5,3.92,0
448,1,0,1,3.17,4.75,1
449,1,0,0,2,3.58,1
450,2,1,0,2.5,4.17,0
451,0,0,1,1.75,1.92,1
452,0,0,0,2.17,2.25,1
453,2,1,0,2.92,4.67,0
454,1,0,0,3.67,3.42,1
455,1,0,0,2.92,3.25,1
456,0,1,0,3.08,2,0
457,2,1,0,2.08,3.75,0
458,2,0,0,3,4.67,0
459,0,0,0,2.25,1.92,1
460,1,1,0,2.67,3.42,0
461,1,1,0,3,3.67,0
462,2,0,1,2.92,4.5,1
463,0,0,0,2.75,2.83,1
464,0,0,0,2.17,1.92,1
465,2,1,0,3.67,3.75,0
466,2,0,1,3.25,4,1
467,0,0,2,1.5,1.33,1
468,2,0,2,2.75,4.42,1
469,0,0,0,2.25,2.17,1
470,0,1,0,2.58,3.92,0
471,2,0,0,3.42,3.83,1
472,2,0,0,2.33,3.08,0
473,1,0,0,2.42,3,1
474,2,1,0,3.08,4.42,0
475,1,1,0,2.5,3.92,0
476,1,1,0,3.08,3.67,0
477,2,1,0,3.42,3.83,0
478,0,0,2,1.5,1.92,1
479,1,1,0,3.08,4.17,0
480,0,0,0,4.17,3.33,1
481,0,0,0,3.25,1.92,1
482,2,1,0,3.75,3.83,0
483,2,2,0,3,3.67,0
484,1,0,0,2.58,3.67,1
485,1,2,0,2.75,3.25,0
486,1,1,0,3.67,3.83,0
487,2,1,0,4.42,4.25,0
488,0,0,0,2.17,2.75,1
489,1,0,0,2.67,3.5,1
490,1,0,0,3.17,3.67,0
491,1,0,0,2.67,4.25,1
492,1,1,0,3,3.75,0
493,1,1,0,2.42,3.33,0
494,2,0,0,2.5,4,1
495,0,1,0,2.83,3,0
496,0,0,0,2.25,1.92,1
497,0,1,0,1.92,1.75,0
498,0,1,0,3.83,2.17,0
499,2,1,0,4,4.25,0
500,1,2,0,4.17,2.5,0
501,2,0,0,2.58,4.17,1
502,1,0,0,4.08,2.67,1
503,0,0,1,4.17,3.17,1
504,1,0,0,3.83,3.83,1
505,1,0,0,2.17,2.83,1
506,0,0,1,1.42,1.83,1
507,0,2,0,2.42,3.17,0
508,0,1,0,3.08,2.83,0
509,0,0,0,1.75,1.25,1
510,1,0,2,2.5,3.58,1
511,2,1,0,3.42,4,0
512,1,1,0,2.5,3.25,0
513,2,0,0,3.33,4,1
514,0,0,1,1.42,1.25,1
515,2,0,1,3,4.17,1
516,2,0,1,2.67,3.58,1
517,1,0,0,3.25,3,1
518,1,0,0,2.67,3.83,1
519,1,0,0,3,3.83,1
520,1,1,0,3.67,3.83,0
521,2,1,0,4.42,4.42,0
522,0,1,0,2.92,2.08,0
523,2,1,0,3.75,4.5,0
524,0,0,0,3.42,3.75,1
525,0,0,0,2.83,3.17,1
526,2,0,0,3.75,4.08,1
527,0,0,1,2.5,2,1
528,0,0,0,3.5,3.42,1
529,0,0,0,1.75,2.33,1
530,1,0,0,2.08,3.08,1
531,0,0,0,3.25,3.25,1
532,0,0,0,2.58,2.58,1
533,0,1,0,4.33,2.75,0
534,2,1,0,2.17,4,0
535,1,1,0,3.5,4.5,0
536,0,0,1,2,2.33,1
537,2,1,0,3.08,4.25,0
538,2,1,0,4.08,3.92,0
539,2,0,0,3.08,4,1
540,1,1,0,3.58,3.58,0
541,1,0,0,2.5,3.5,1
542,2,0,1,2.17,3.75,1
543,0,0,0,2.25,2.42,0
544,0,0,1,4.5,3,1
545,1,1,0,2.67,2.83,0
546,1,0,2,2.25,3.67,1
547,1,0,0,2.42,3.92,1
548,0,0,0,2.83,3.67,1
549,2,1,0,3.5,4.25,0
550,0,0,0,3.42,3.5,1
551,0,0,1,3.67,2.67,1
552,2,0,1,3.25,4.25,1
553,1,0,0,2.67,3.5,1
554,2,0,0,2.08,3.83,1
555,1,0,0,2.33,3.42,1
556,1,1,0,3.17,3.42,0
557,2,0,0,2.17,3.67,1
558,0,0,0,1.67,2.5,1
559,2,0,1,3.67,3.83,1
560,2,0,0,2.75,4.08,0
561,2,0,0,2.58,3.58,1
562,2,1,0,3.17,4,0
563,0,0,1,2.08,1.33,1
564,2,1,0,2.83,3.92,0
565,2,0,0,3.17,3.67,0
566,1,1,0,4.42,4.17,0
567,0,0,1,3.92,4,1
568,1,1,0,2.75,3.17,0
569,2,0,0,2.75,4.08,0
570,2,0,0,2.58,3.92,1
571,2,0,0,2.17,4.08,0
572,1,0,1,3.33,3.08,1
573,1,0,0,2.58,3.42,1
574,0,0,0,2.5,3.25,1
575,0,0,2,3.75,3,1
576,2,2,0,2.33,4.33,0
577,1,1,0,2.42,4.17,0
578,2,1,0,3.75,3.67,0
579,0,0,0,2,2.75,1
580,0,2,0,4.33,2.92,0
581,0,0,0,2.67,2.58,1
582,1,1,0,4,3.33,0
583,1,1,0,1.92,2.67,0
584,0,0,0,2.42,2,1
585,2,1,0,2.42,4,0
586,2,1,0,2.83,3.5,0
587,0,0,0,4,3.17,1
588,1,0,1,3.08,3.75,1
589,0,0,1,2.58,3.67,1
590,1,1,0,2.5,3.58,0
591,0,2,0,3.25,3.25,0
592,2,0,0,2.08,4.08,0
593,1,1,0,2.67,3,0
594,0,0,1,2.25,1.92,1
595,0,0,1,2.17,1.83,1
596,1,2,0,4,3.75,0
597,2,2,0,4.25,4.08,0
598,1,1,0,2.58,3.75,0
599,1,0,0,2.25,3.25,1
600,2,2,0,3.92,4.33,0
601,0,0,1,2.17,2.5,1
602,0,0,0,2.92,2,1
603,0,0,0,3,2.92,1
604,2,0,0,3.33,4.42,1
605,0,0,2,2.42,1.75,1
606,2,1,0,3.42,4.08,0
607,0,0,1,2.17,1.92,1
608,2,2,0,4.17,4.42,0
609,0,0,0,2.83,3.17,1
610,1,1,0,3.17,3.83,0
611,0,0,0,2.42,2.25,1
612,2,0,0,2.83,4.5,1
613,1,0,0,2.83,3.5,1
614,0,0,0,2.42,2.17,1
615,1,0,0,3.33,3.75,1
616,0,0,1,2,2.33,1
617,0,0,2,2.42,3.17,1
618,0,0,0,1.33,1.5,1
619,1,1,0,3.92,4.33,0
620,1,0,1,2.83,2.58,1
621,0,0,0,2.08,3.83,1
622,1,0,2,3,3.67,1
623,2,1,0,3.08,4.17,0
624,0,0,0,2.83,2.67,1
625,2,1,0,3.08,4.17,0
626,2,1,0,4,4.17,0
627,2,1,0,3.92,4.42,0
628,2,0,0,2.08,3.17,1
629,0,0,1,2.5,3.5,1
630,0,0,1,1.75,2,1
631,1,1,0,2.92,3.5,0
632,1,1,0,3.08,3.75,0
633,2,2,0,3.83,4,0
634,2,2,0,2.33,3.42,0
635,0,0,0,2.67,1.67,1
636,2,0,0,3.25,4.58,1
637,2,1,0,3.92,4.25,0
638,2,0,0,2.75,3.92,1
639,2,1,0,3.58,3.83,0
640,0,0,1,4,3,1
641,1,1,0,2.25,4,0
642,0,0,0,3.25,3.5,1
643,2,1,0,2,3.92,0
644,0,0,0,2.42,3.42,0
645,1,0,0,2.83,4,0
646,2,0,0,2.67,4.67,0
647,2,0,0,2.42,3.75,1
648,2,2,0,2.67,4.17,0
649,0,1,0,4.42,2.75,0
650,0,0,0,3.17,2,1
651,0,0,0,1.92,2.42,1
652,0,0,0,1.92,2.25,1
653,1,0,1,3.5,3.33,1
654,0,0,0,2.67,3.5,1
655,1,0,0,2.42,3.67,0
656,0,0,1,2.42,2.25,1
657,1,0,0,3.33,3.75,1
658,0,0,1,2.83,3.17,1
659,2,1,0,3.58,3.75,0
660,2,1,0,3.83,3.92,0
661,2,0,0,3,3.5,0
662,0,0,0,1.83,2,1
663,0,1,0,3,3.67,0
664,2,0,1,3.67,4.08,1
665,0,0,1,2.67,3.33,1
666,0,0,0,2,2.67,1
667,1,0,0,1.92,3.25,0
668,2,0,0,3.67,4,1
669,2,0,0,2.83,3.58,0
670,1,1,0,3.25,3.58,0
671,2,1,0,4.25,4.58,0
672,1,0,0,2.33,3.08,1
673,0,0,0,2.5,3.27,1
674,2,0,0,3.08,4.08,1
675,2,0,0,3.33,3.83,1
676,2,1,0,2.5,3.58,0
677,1,0,0,3,3.67,1
678,2,1,0,2.75,4.33,0
679,0,2,0,3.58,3.67,0
680,2,2,0,3,4.08,0
681,1,0,0,2.58,3.25,1
682,0,1,0,1.83,1.58,0
683,1,0,0,2.58,3.83,0
684,2,0,0,2.67,3.92,0
685,0,0,2,2.92,3.08,1
686,2,2,0,4.33,4.42,0
687,0,0,0,2.25,3.33,1
688,0,0,0,2.5,3.17,1
689,1,1,0,3.67,3.83,0
690,0,0,1,3.75,3.33,1
691,0,0,0,2.33,2.33,0
692,0,0,0,2.17,2.67,1
693,1,0,0,2.75,3.75,1
694,2,1,0,3.33,4.58,0
695,2,0,1,4,3.92,1
696,2,0,0,2.92,4.08,1
697,0,0,0,1.92,1.75,1
698,0,0,0,1.83,2.25,1
699,1,0,0,3,3.92,1
700,0,1,0,2.33,3.5,0
701,0,0,0,2.33,3.58,1
702,1,0,0,2.08,3.5,1
703,1,0,2,2.33,3,1
704,1,0,0,2.33,4.08,1
705,2,0,1,2.25,3.92,1
706,0,0,0,3,3.58,1
707,2,0,0,3.5,4.42,1
708,2,1,0,4.42,4.08,0
709,1,0,0,1.92,2.83,1
710,0,0,2,2.25,1.92,1
711,1,0,0,2.92,3.92,0
712,2,0,1,3.25,4.33,1
713,0,0,0,2.33,2.17,1
714,1,1,0,1.83,2.17,0
715,2,0,0,3.75,4.17,0
716,1,0,2,3.42,4,1
717,2,1,0,3.58,3.83,0
718,2,0,0,3.33,3.42,1
719,0,0,0,4,3.42,1
720,1,0,0,1.75,3.5,0
721,1,1,0,3,2.92,0
722,2,1,0,2.5,3.92,0
723,0,1,0,4,3.42,0
724,2,1,0,3.92,4,0
725,0,0,2,3,2.08,1
726,0,0,0,2.67,3.5,1
727,2,0,0,3.42,4.42,1
728,2,1,0,3.75,4.17,0
729,2,1,0,2.92,3.58,0
730,1,0,0,3.67,4.17,1
731,1,0,0,2.5,4,1
732,2,0,1,3.33,4.17,1
733,0,0,1,3.08,2.5,1
734,0,1,0,3.58,2.92,0
735,2,0,0,2.58,4.5,1
736,2,0,0,3.5,4.08,1
737,0,0,2,3.25,2.5,1
738,0,0,0,2.33,2.75,1
739,2,2,0,2.75,2.83,0
740,0,1,0,3.58,2.08,1
741,0,1,0,2.17,2.67,0
742,1,0,0,3.08,4.17,1
743,0,0,0,3.08,2.33,1
744,0,1,0,2.67,3.67,0
745,2,2,0,4.25,4.33,0
746,0,0,0,2.42,4.08,1
747,2,1,0,3,4.17,0
748,0,0,2,3.17,3.33,1
749,0,0,0,2.67,2.25,1
750,2,1,0,3.42,4.42,0
751,2,0,2,3.33,4.33,1
752,0,0,0,3.33,3.42,1
753,2,1,0,4.58,4.67,0
754,2,0,0,3,4.42,1
755,1,1,0,3.08,4.33,0
756,2,2,0,2.83,4.08,0
757,2,0,0,2.83,3.08,1
758,0,0,1,2.33,1.58,1
759,0,0,1,2.67,3.42,1
760,0,0,1,2.25,2.08,1
761,1,0,0,2.42,3.33,1
762,2,2,0,4.42,4.5,0
763,2,2,0,2.58,3.58,0
764,1,1,0,2.5,3.75,0
765,0,0,0,2.83,3,1
766,1,0,0,3.17,3.83,1
767,0,0,0,2.58,3.42,1
768,1,1,0,3.75,4.25,0
769,2,1,0,3.92,3.92,0
770,0,0,0,3.08,3.67,1
771,2,1,0,2.42,4.5,0
772,2,1,0,3.5,4.58,0
773,1,1,0,2.67,3.42,0
774,0,0,1,2.33,1.58,1
775,1,1,0,2.92,3.83,0
776,0,0,1,2,1.67,1
777,2,0,0,3.33,4.25,0
778,2,1,0,3.27,4.09,0
779,2,1,0,4.08,4.33,0
780,1,0,0,2.83,3.5,1
781,0,1,0,2.42,2.67,0
782,0,0,0,2.08,1.75,1
783,2,1,0,3.25,4.33,0
784,2,0,0,3.17,4.08,1
785,2,1,0,2.75,4,0
786,2,0,0,2.5,3.92,0
787,1,0,1,3.33,4,1
788,2,1,0,3.83,4.33,0
789,1,0,0,2.75,3.42,0
790,1,0,0,2.33,3.75,1
791,1,0,0,2.25,3.42,1
792,2,1,0,2.67,4.58,0
793,2,0,0,2.33,3.17,1
794,2,2,0,3,3.5,0
795,2,1,0,2.92,4.25,0
796,0,0,0,3.25,3.25,1
797,0,1,0,3,3.67,0
798,2,1,0,3.83,3.83,0
799,1,0,0,2.25,3.25,1
800,0,0,2,2.17,1.75,1
801,0,0,1,2.08,1.58,1
802,1,0,0,2.08,3.67,1
803,1,0,0,2.67,3.17,1
804,2,1,0,2.58,4.08,0
805,2,1,0,2.92,3.92,0
806,0,0,1,2.92,2.33,1
807,2,0,0,3.42,4,1
808,0,0,0,3.08,2.83,1
809,1,0,0,2.42,3.08,1
810,0,0,0,3.92,2.5,1
811,0,0,0,3.33,2.17,0
812,1,1,0,2.58,3.75,0
813,2,1,0,1.92,3.58,0
814,1,0,0,2.33,3.33,1
815,2,0,2,3.33,4.33,1
816,1,2,0,2.75,3.67,0
817,2,1,0,3.75,3.83,0
818,2,0,0,2.5,4,1
819,2,1,0,3.17,3.75,0
820,2,0,0,3.42,4.25,1
821,2,0,1,2.42,4.08,1
822,1,1,0,1.33,3.92,0
823,2,0,0,2.64,4.67,0
824,0,0,1,2.25,2.92,1
825,2,0,0,2.92,3.92,1
826,0,0,1,2.75,3.33,1
827,1,0,1,3.17,2.83,1
828,2,0,0,3.58,4.83,0
829,2,1,0,3.5,3.75,0
830,1,0,0,2.92,3.5,1
831,1,0,0,2.5,3.5,1
832,0,1,0,3.17,3.08,0
833,0,0,0,2.58,2.92,1
834,0,0,0,1.83,2.08,1
835,2,0,1,1.92,2.92,1
836,0,0,2,1.58,1.92,1
837,1,0,2,2.75,4.17,1
838,2,1,0,2.83,4.33,0
839,0,0,0,3.75,3,1
840,0,0,0,3.08,2.08,0
841,2,0,2,3.08,4.25,1
842,2,1,0,3,3.83,0
843,0,0,0,4.08,3.25,1
844,0,0,0,2.08,3.33,0
845,1,0,0,2.83,4.17,1
846,0,0,2,3.42,3.33,1
847,0,1,0,2.75,2.75,0
848,2,1,0,3.58,4,0
849,0,0,0,1.83,3.25,0
850,1,0,0,2.75,3.58,1
851,0,0,0,3.58,2.5,1
852,0,0,0,2.5,2,1
853,1,0,0,2.75,3.58,1
854,2,1,0,3.33,4.33,0
855,1,0,0,2.5,3.67,1
856,0,0,0,3.42,2.83,1
857,2,1,0,3.42,3.42,0
858,1,1,0,2,3.33,0
859,0,0,0,3.25,2.92,1
860,0,0,0,2.08,3.83,0
861,2,1,0,4.08,4.33,0
862,1,0,0,2.17,3.5,1
863,2,0,1,2.08,3.08,1
864,2,1,0,2.08,4.17,0
865,2,0,0,3,4.25,1
866,1,1,0,3.83,4.33,0
867,1,1,0,2.83,3.92,0
868,2,1,0,3.58,4.33,0
869,1,0,0,2.58,3.83,1
870,2,1,0,3.75,4.33,0
871,0,0,0,3.67,3,1
872,2,1,0,3.42,4.33,0
873,2,1,0,4,4.17,0
874,2,1,0,3.5,4.25,0
875,1,0,0,2.92,3.83,1
876,2,0,1,2.75,3.75,1
877,0,0,1,1.67,2.25,1
878,2,2,0,3,4.5,0
879,0,0,0,1.75,1.5,1
880,0,0,2,2.5,2.33,1
881,0,1,0,3.92,3.67,0
882,0,0,0,3.5,2.5,1
883,2,1,0,2.92,3.36,0
884,2,0,0,2.58,3.75,1
885,2,1,0,2.83,3.5,0
886,0,0,1,1.83,1.58,1
887,0,0,0,2.75,2.17,1
888,2,0,0,2.92,4.67,0
889,2,1,0,3.83,4.25,0
890,1,0,0,1.75,3.5,1
891,2,1,0,3.67,4.58,0
892,0,0,2,2.58,2.08,1
893,2,2,0,2.92,3.67,0
894,1,0,0,3.08,4,1
895,1,1,0,2.58,2.83,0
896,1,0,0,2.75,3.58,1
897,0,1,0,3.5,3.83,0
898,0,0,1,2.67,2.5,1
899,1,0,2,2.58,3.75,1
900,0,0,1,3,2.92,1
901,2,0,1,3,4.67,1
902,2,0,0,2.67,4.33,0
903,2,1,0,3.75,4.08,0
904,0,0,0,2.5,2.5,1
905,0,0,0,2.92,3.42,1
906,1,2,0,4.5,4.25,0
907,0,0,0,2.75,1.75,1
908,1,0,0,2.5,1.67,1
909,0,0,0,2.17,2.67,1
910,0,1,0,2.33,3.83,0
911,2,1,0,4.75,4.17,0
912,0,0,1,2,3.42,1
913,2,0,0,3,4.08,1
914,1,0,0,2.25,3.58,0
915,2,0,0,3,4.25,1
916,1,0,1,2.83,2.92,1
917,0,0,0,2.75,3,1
918,1,0,0,2.92,4.08,1
919,2,1,0,3.25,3.58,0
920,2,0,0,3,3.58,1
921,2,0,0,2.5,4.17,0
922,1,0,0,2.42,3.67,1
923,0,0,1,3.33,3.42,1
924,2,0,1,3,3.75,1
925,1,0,0,2.42,3.42,1
926,0,0,0,2,2.17,1
927,2,0,0,3.08,3.92,1
928,1,0,0,2.83,4,1
929,2,0,0,2.92,3.92,1
930,2,0,1,2.42,3.83,1
931,0,0,0,2.67,2.17,1
932,2,1,0,4.08,3.92,0
933,0,0,0,2.42,2.33,1
934,1,1,0,2.92,3.08,0
935,1,0,0,2.92,3.45,1
936,0,0,1,1.92,1.58,1
937,1,0,0,4,3.33,1
938,0,0,1,3,2.75,1
939,2,0,0,3.08,4.33,1
940,1,1,0,4.33,2.83,0
941,0,0,2,2.17,2.83,1
942,0,0,2,3.42,3.36,1
943,2,1,0,3.92,4.08,0
944,2,1,0,3.67,4.17,0
945,2,0,1,3.5,4.58,1
946,0,0,2,1.58,1.58,1
947,0,0,0,2.83,2.75,1
948,1,1,0,2.75,3.83,0
949,1,0,1,3,4.33,1
950,0,0,1,2.25,2.67,1
951,2,0,0,3.42,4.33,1
952,1,0,0,2.17,3.5,1
953,0,0,0,2.33,3,1
954,1,0,1,3.42,3.92,1
955,0,0,0,2.58,3.5,1
956,2,1,0,2.75,4.5,0
957,1,0,0,2.08,2.58,0
958,2,1,0,3.08,4.33,0
959,2,1,0,3.17,4.25,0
960,1,0,0,2.08,3.17,0
961,2,2,0,3.75,3.5,0
962,0,0,0,2.33,3,1
963,1,0,0,3.33,3.42,1
964,2,1,0,3.92,4.17,0
965,1,2,0,2.92,3.5,0
966,2,1,0,3.75,3.5,0
967,0,0,2,2.58,2.17,1
968,0,0,2,3.08,2.75,1
969,1,1,0,2.08,2.42,0
970,2,0,0,3.5,4.67,0
971,1,0,0,2.58,4.42,1
972,2,1,0,4,4.42,0
973,1,0,0,2.42,3.33,1
974,2,0,1,3.33,4.33,1
975,1,1,0,2.08,3.92,0
976,2,1,0,3.5,4.17,0
977,1,0,0,2.67,3.17,1
978,2,1,0,2.75,4.5,0
979,0,0,1,2.67,1.92,1
980,0,0,1,2.67,3.08,1
981,1,0,0,2.83,3.75,1
982,2,0,0,3,4.17,1
983,2,1,0,2.42,3.5,0
984,0,0,0,2.58,1.83,1
985,1,0,0,2.67,3.42,1
986,0,0,2,3.42,3.83,1
987,2,1,0,3.25,3.33,0
988,1,0,0,2.83,3.83,1
989,0,0,0,1.75,1.75,0
990,0,0,0,2.42,2.75,1
991,1,0,0,2.58,3.83,1
992,0,0,1,1.42,1.17,1
993,0,0,0,2.58,2.75,1
994,2,0,0,2.83,4.42,1
995,2,0,0,3.58,4,0
996,0,1,0,4.33,3.25,0
997,0,0,0,2.5,4,1
998,1,0,0,2.5,3,1
999,1,0,1,2.5,3.33,1
1000,1,0,0,2.5,3.58,1
1001,1,0,1,2.92,3.92,1
1002,1,0,0,2.33,4.08,1
1003,2,2,0,4.08,4.08,0
1004,2,0,0,2.83,4,1
1005,1,0,0,2.83,3.92,1
1006,2,1,0,3,4.17,0
1007,2,2,0,3.25,4,0
1008,2,1,0,4.5,4.42,0
1009,1,0,2,2.58,3.67,1
1010,1,2,0,3.67,4.33,0
1011,0,0,0,2.33,4.08,1
1012,2,1,0,3.17,4.33,0
1013,1,0,0,2.67,3.33,1
1014,0,0,1,1.5,1.33,1
1015,2,0,0,3.58,4.5,0
1016,0,0,0,2.5,3.67,1
1017,2,1,0,2.92,4.58,0
1018,0,0,0,2.83,2.25,1
1019,1,0,1,2.75,2.58,1
1020,1,0,0,1.83,2.67,1
1021,2,1,0,2.92,4.67,0
1022,1,0,0,2.58,3.5,1
1023,2,0,1,3,4.17,1
1024,1,0,1,2.42,4.08,1
1025,0,1,0,1.67,2.58,0
1026,2,1,0,2.25,3.25,0
1027,2,1,0,2.92,4.33,0
1028,2,1,0,3.92,4.33,0
1029,2,0,0,1.92,4.25,1
1030,0,0,0,3.08,3.58,1
1031,2,0,0,2.17,4.58,0
1032,2,0,1,1.83,4.25,1
1033,0,0,0,2.08,2.25,1
1034,2,1,0,2.42,4,0
1035,0,0,0,2.42,2.42,1
1036,0,0,1,2.5,2.08,1
1037,1,0,0,2.5,4.25,1
1038,1,0,1,4.25,3.92,1
1039,0,1,0,4.17,3.5,0
1040,0,0,1,2.17,1.33,1
1041,1,0,1,2.17,3.17,1
1042,0,0,1,1.83,1.67,1
1043,0,1,0,2.75,2.83,0
1044,1,0,1,3.08,4.08,1
1045,1,0,0,2.5,3.08,1
1046,2,0,0,2,4.58,1
1047,2,1,0,3.92,4.17,0
1048,1,1,0,2.17,3.08,0
1049,1,0,0,2.42,3.67,1
1050,2,0,0,2.5,4,1
1051,2,0,0,2.33,4.17,0
1052,0,0,1,2.08,2.5,1
1053,2,1,0,3.17,4.17,0
1054,0,0,0,2.67,1.75,1
1055,1,0,0,2,2.83,1
1056,0,0,0,2.83,2.08,1
1057,2,1,0,4.08,4,0
1058,2,0,0,3.08,4.42,1
1059,1,0,0,2,3.5,1
1060,0,2,0,3.67,3.33,0
1061,0,0,2,1.83,1.58,1
1062,2,0,0,2.33,4.17,0
1063,2,0,0,2.75,4.5,1
1064,1,0,0,1.42,2.67,1
1065,1,0,0,2.67,4.33,1
1066,0,1,0,3.58,3.83,0
1067,0,0,2,3.83,3.75,1
1068,2,1,0,3.58,4.67,0
1069,2,2,0,4,4.17,0
1070,2,1,0,4.25,4.5,0
1071,2,0,0,2.58,4,1
1072,0,0,0,2.92,3.42,1
1073,0,1,0,3.17,3.33,0
1074,1,1,0,3.58,3.33,0
1075,2,1,0,3.83,3.92,0
1076,2,2,0,2,3.33,0
1077,0,0,0,2.58,3.25,1
1078,1,1,0,3.75,3.58,0
1079,2,1,0,3.58,3.92,0
1080,1,2,0,3.58,4.42,0
1081,2,0,0,3.25,3.83,1
1082,1,0,0,2.17,2.92,1
1083,0,0,0,2.75,2.67,1
1084,2,1,0,3.5,4.75,0
1085,2,0,0,3.17,4.33,1
1086,1,1,0,3.08,3.67,0
1087,2,0,1,3.08,4.42,1
1088,1,1,0,3.83,4.17,0
1089,2,1,0,2,3.5,0
1090,0,1,0,2,2.33,0
1091,2,0,0,2.58,3.58,1
1092,1,0,1,2.08,3.58,1
1093,1,0,0,2.67,4.25,1
1094,2,0,0,1.83,4.17,1
1095,0,2,0,4.67,4.17,0
1096,2,0,1,2.92,4.17,1
1097,2,1,0,3.75,3.83,0
1098,0,0,1,3.25,3.33,1
1099,2,1,0,2,3.5,0
1100,1,0,0,2,3.25,0
1101,0,0,1,4.17,2.92,1
1102,2,0,0,3.25,4.5,1
1103,1,0,1,3.25,4.08,1
1104,2,0,1,3.5,4.5,1
1105,2,1,0,4.33,4.5,0
1106,1,1,0,4.17,3.92,0
1107,0,0,1,3.42,3.75,1
1108,2,1,0,3.75,4.33,0
1109,0,0,0,2.75,2.75,1
1110,0,1,0,3.67,3.25,0
1111,2,1,0,3.25,4.25,0
1112,0,0,2,2.75,2.75,1
1113,0,0,2,1.67,1.5,1
1114,2,1,0,4.25,4.58,0
1115,0,0,0,2.75,2.5,1
1116,0,0,0,1.83,3.33,1
1117,2,0,0,3.33,4.58,0
1118,2,0,0,3,4,0
1119,2,0,1,3.33,4.67,1
1120,0,1,0,3.75,4.08,0
1121,0,0,0,2.83,2.25,1
1122,0,0,1,2.58,3.83,1
1123,2,2,0,3.67,3.75,0
1124,2,1,0,2.33,4.33,0
1125,1,0,0,3.75,4.08,1
1126,2,2,0,3.58,3.67,0
1127,1,0,0,2.83,3.92,1
1128,0,0,1,2.33,1.58,1
1129,1,0,0,1.55,3.58,0
1130,0,0,1,2.08,1.67,1
1131,0,0,0,2.33,2.92,1
1132,2,1,0,4.67,4.5,0
1133,0,0,0,1.75,2.17,1
1134,0,0,2,2.08,3.83,1
1135,1,0,0,2.83,3.25,1
1136,0,1,0,1.92,2,0
1137,1,0,2,2.92,3.17,1
1138,1,1,0,2.83,3.33,0
1139,1,0,1,3.5,4.42,1
1140,2,1,0,2.92,4.33,0
1141,2,0,0,3.92,4.75,1
1142,2,0,0,1.92,4.25,0
1143,0,0,2,4.33,2.58,1
1144,2,1,0,3.5,4.42,0
1145,2,1,0,3.33,4.33,0
1146,1,0,1,3.17,4.33,1
1147,2,1,0,3.92,4.17,0
1148,1,0,0,2.08,2.92,1
1149,0,1,0,3.5,2,0
1150,1,1,0,4.75,3.5,0
1151,0,0,1,2,1.58,1
1152,2,1,0,2.92,4.33,0
1153,1,1,0,1.83,3.92,0
1154,2,1,0,3,4.17,0
1155,0,1,0,3.83,4.58,0
1156,2,1,0,3.92,4.25,0
1157,2,0,0,2.83,3.83,1
1158,1,0,0,1.58,3.17,1
1159,0,0,1,2.92,2.25,1
1160,0,0,0,2.5,3.08,1
1161,2,0,0,3.58,4.08,1
1162,1,0,1,3,3.42,1
1163,0,0,1,1.92,3.5,1
1164,1,1,0,2.58,3.83,0
1165,2,0,0,2.33,3.5,1
1166,0,0,0,1.42,1.42,1
1167,1,0,1,1.67,2.25,1
1168,0,2,0,4.08,3.42,0
1169,0,0,0,2.25,3.17,1
1170,2,0,0,2.83,3.75,1
1171,0,0,2,2.5,4.33,1
1172,0,0,0,1.58,3.08,0
1173,2,1,0,2,4.08,0
1174,2,1,0,4.5,4.25,0
1175,0,0,1,2.08,1.5,1
1176,2,1,0,2.5,4.08,0
1177,2,0,0,2.83,4.67,0
1178,0,1,0,3.5,3.33,0
1179,2,1,0,3.55,4.67,0
1180,0,1,0,3.92,3.83,0
1181,2,0,2,2.67,4.25,1
1182,0,0,2,1.83,1.92,1
1183,0,0,0,2.58,3.17,1
1184,2,1,0,2.75,3.92,0
1185,1,0,0,3.08,3.83,1
1186,0,0,1,2.58,2.5,1
1187,2,1,0,2.92,4.17,0
1188,0,0,2,1.42,1.42,1
1189,0,1,0,2.08,1.92,0
1190,2,1,0,2.75,4.25,0
1191,1,1,0,4.08,3.17,0
1192,1,0,0,3.25,3.5,1
1193,0,1,0,3.83,3.17,0
1194,0,0,0,2.92,2.67,1
1195,1,0,0,2.67,3.58,1
1196,2,1,0,3,4.33,0
1197,2,1,0,4,4.33,0
1198,0,0,1,3.17,2.42,1
1199,1,0,0,2.42,3.92,1
1200,2,0,1,3.25,4.17,1
1201,0,0,0,2.25,1.5,1
1202,1,2,0,4.42,2.58,0
1203,2,1,0,3.83,4.5,0
1204,2,0,0,3.08,4.17,1
1205,2,1,0,2.75,4.25,0
1206,0,0,0,3.58,1.42,1
1207,0,0,0,1.42,1.92,1
1208,0,0,2,3.33,2.5,1
1209,1,1,0,3.5,3.83,0
1210,2,2,0,4.67,4.17,0
1211,1,0,2,2.58,3.67,1
1212,2,1,0,3.92,4.42,0
1213,2,0,0,2,4.08,1
1214,1,1,0,2.83,3.08,0
1215,0,1,0,1.92,3.17,0
1216,1,0,0,3.25,2.75,1
1217,0,0,0,2.25,1.58,1
1218,2,1,0,4.08,4.5,0
1219,0,0,1,3.08,1.75,1
1220,0,0,0,2.92,3.58,1
1221,2,0,0,1.5,3.92,0
1222,1,0,0,1.82,4.08,0
1223,2,0,0,3.17,4.58,0
1224,1,0,0,3.25,3.67,1
1225,0,0,0,3.92,3.83,1
1226,1,1,0,4.67,3.42,0
1227,2,1,0,3.5,4,0
1228,1,0,0,2.92,3.75,1
1229,1,1,0,4.25,4.08,0
1230,1,0,1,1.08,3,1
1231,2,0,0,4,4.67,1
1232,0,0,1,2.67,2.17,1
1233,0,0,2,2.67,3.33,1
1234,1,0,0,2.58,2.92,1
1235,1,1,0,3.25,4.08,0
1236,1,2,0,4.67,4.08,0
1237,2,0,0,3.17,4.5,0
1238,0,0,0,3.25,1.67,1
1239,0,0,0,2.42,3.58,0
1240,2,0,0,2.5,3.83,1
1241,1,0,0,3,4,1
1242,2,0,0,2.92,4.83,1
1243,2,0,2,2.25,4.58,1
1244,2,1,0,3,4.58,0
1245,0,0,0,2.08,2.92,1
1246,1,1,0,3.33,3.67,0
1247,2,0,0,3.17,4.17,0
1248,0,0,1,3.75,3.25,1
1249,1,0,0,3,4.08,1
1250,1,0,0,3,4.5,1
1251,1,0,0,3.5,3.75,0
1252,1,1,0,1.75,4.17,0
1253,0,0,2,2.83,3.92,1
1254,1,0,0,2.08,3.42,1
1255,0,0,1,2.92,2.33,1
1256,0,0,0,2.08,3.08,0
1257,2,1,0,2.92,4.08,0
1258,2,1,0,3.33,4.5,0
1259,1,0,1,2.83,3.5,1
1260,2,1,0,2.5,3.83,0
1261,0,1,0,3.25,3.25,0
1262,1,0,0,2.25,2.92,1
1263,0,0,0,3.92,2.83,1
1264,1,1,0,2.92,4.08,0
1265,0,0,1,3.58,4.42,1
1266,0,0,1,3.25,3.67,1
1267,1,0,0,2.25,3.5,1
1268,0,0,0,2.58,3.82,1
1269,0,0,0,3.25,3.42,1
1270,2,1,0,4.33,4.08,0
1271,2,0,0,3.75,4.58,0
1272,2,1,0,3.92,4.33,0
1273,2,0,0,2.58,4.17,1
1274,1,0,1,1.92,2.75,1
1275,1,1,0,3.58,4.33,0
1276,2,0,0,3,3.25,1
1277,2,0,1,3.42,3.83,1
1278,0,0,0,2.08,3.42,1
1279,2,0,1,3.17,4.5,1
1280,1,0,2,2.5,3.33,1
1281,2,0,0,2.83,4.67,1
1282,2,0,0,2.58,4.17,0
1283,1,0,0,2.83,4.17,1
1284,2,0,0,3.67,4.33,0
1285,0,1,0,4,3.75,0
1286,1,0,0,3,3.58,1
1287,0,1,0,3.58,3.58,0
1288,2,1,0,3.33,4.67,0
1289,1,0,0,3.17,4.17,1
1290,2,0,0,3.67,3.92,1
1291,0,0,0,2.75,4,1
1292,1,0,0,2.17,4,1
1293,2,0,0,2.33,3.75,1
1294,2,0,0,2.83,4.33,1
1295,0,0,0,3.58,3.33,1
1296,2,1,0,2.58,4.25,0
1297,2,1,0,3.92,4.58,0
1298,2,0,2,3.58,4.42,1
1299,0,2,0,2.25,3.67,0
1300,0,0,1,3.42,3.33,1
1301,0,0,0,2.08,2.42,1
1302,0,0,0,2.75,3.25,1
1303,2,0,0,3,4.25,0
1304,1,1,0,4.08,3.5,0
1305,1,1,0,2.67,4.17,0
1306,2,0,0,2.42,4.33,1
1307,2,1,0,2.75,4.25,0
1308,2,1,0,4.67,4.5,0
1309,2,0,0,3.58,4.25,0
1310,2,2,0,3.42,4.08,0
1311,0,0,2,2.92,2.67,1
1312,0,0,2,3.75,3.33,1
1313,2,0,0,3.08,3.5,1
1314,0,0,1,2.67,3.92,1
1315,2,1,0,3.75,4.17,0
1316,0,1,0,3.08,3.17,0
1317,0,1,0,4.42,2.33,0
1318,0,0,1,3,1.25,1
1319,0,0,2,3,2.42,1
1320,1,0,1,2.33,3,1
1321,1,0,0,2.92,3.33,1
1322,1,1,0,3.33,4.17,0
1323,2,1,0,2.5,3.92,0
1324,2,1,0,3.33,3.67,0
1325,1,0,0,2.42,3.33,1
1326,2,0,0,4.67,4.08,1
1327,0,1,0,4.33,3,0
1328,0,0,0,3.42,2.92,0
1329,0,0,0,3.42,3.17,1
1330,1,0,0,2.75,3.25,1
1331,1,1,0,2.92,2.5,0
1332,1,1,0,2.58,2.42,0
1333,0,0,0,2.25,2.67,1
1334,2,0,0,2.42,3.33,1
1335,0,0,1,2.67,3.92,1
1336,0,0,1,3.58,4.42,1
1337,0,0,1,2.92,2.75,1
1338,2,1,0,2.75,3.58,0
1339,2,0,0,2.75,2.75,1
1340,0,1,0,3.67,2.5,0
1341,0,1,0,3.42,3.67,0
1342,0,0,1,3,2.58,1
1343,0,0,0,3.5,2.33,1
1344,1,0,0,2.67,3.08,1
1345,2,0,0,3.83,4.83,1
1346,0,0,0,1.33,1.33,1
1347,2,0,0,3.08,4.42,1
1348,0,0,0,3,2.83,1
1349,2,1,0,4.17,4.5,0
1350,2,1,0,1.83,3.17,0
1351,0,0,2,2.58,3,1
1352,2,0,0,2.67,4.58,1
1353,0,0,0,3.83,3.5,1
1354,0,1,0,2.67,3.83,0
1355,1,0,0,2,3.5,1
1356,1,0,1,3,3.25,1
1357,1,0,0,2.75,3.75,1
1358,0,0,1,2.42,4.08,1
1359,2,1,0,3.5,4.42,0
1360,2,1,0,3.67,4.25,0
1361,2,0,0,2.58,4.08,1
1362,0,0,0,2.33,2.33,1
1363,0,0,0,2.17,2.42,1
1364,2,1,0,4.08,4.58,0
1365,0,0,0,3.25,4.17,1
1366,1,0,0,2.08,3.08,1
1367,0,0,1,2.5,4.33,1
1368,0,0,0,3,2.67,1
1369,2,0,2,3.25,4.58,1
1370,1,0,1,3.17,3.58,1
1371,2,0,0,3,4.17,1
1372,1,1,0,2.5,3.58,0
1373,1,0,0,2.42,3.5,1
1374,1,1,0,4,3.83,0
1375,2,1,0,2.67,4.17,0
1376,0,0,0,2.5,1.92,1
1377,1,2,0,4.17,3.83,0
1378,0,1,0,4.42,3.67,0
1379,1,0,0,3.58,4.33,1
1380,0,0,1,2,1.92,1
1381,0,0,0,1.75,1.92,0
1382,2,0,0,2.42,4.17,1
1383,2,1,0,4.42,4.58,0
1384,0,0,0,2.33,2.42,1
1385,1,1,0,3.33,3.25,0
1386,1,0,0,2.42,3.42,0
1387,1,0,1,2.17,3.67,1
1388,0,0,0,2.33,2.25,1
1389,1,1,0,3.17,3.33,0
1390,1,0,0,3.5,4.17,1
1391,2,0,0,2.75,4.92,0
1392,2,0,0,3.33,4.42,1
1393,0,0,2,2.83,3.92,1
1394,0,0,0,3.08,3.42,1
1395,1,1,0,3.42,4,0
1396,0,1,0,3.5,2.75,0
1397,1,0,0,2.83,3.67,1
1398,2,1,0,3.67,3.92,0
1399,2,2,0,4.58,4.58,0
1400,0,2,0,3.83,3.5,0
1401,0,0,1,2.67,3.42,1
1402,2,1,0,2.67,4.17,0
1403,2,0,0,1.83,4.08,0
1404,0,0,0,2.58,2.83,1
1405,1,1,0,2.42,3.92,0
1406,2,1,0,3.75,4.42,0
1407,2,0,0,3,4.25,1
1408,2,1,0,2.75,4.33,0
1409,1,0,0,3,3.67,1
1410,0,0,0,2.5,3.08,1
1411,2,1,0,2.58,3.75,0
1412,2,0,0,3.83,4.25,1
1413,2,0,0,3.5,4.17,1
1414,1,1,0,1.92,3.17,0
1415,0,0,1,2.58,3.08,1
1416,1,1,0,2.08,3.42,0
1417,0,0,0,2.5,2.67,1
1418,2,0,0,2.75,3.75,1
1419,2,1,0,3,3.75,0
1420,0,0,1,2,1.67,1
1421,0,0,1,2.83,2.75,1
1422,2,0,1,2.92,3.92,1
1423,0,0,0,2.17,2.33,1
1424,2,1,0,2.92,3.75,0
1425,0,0,0,2.5,3.42,1
1426,0,0,0,2.67,3.5,1
1427,2,1,0,3.67,4.5,0
1428,0,0,0,1.75,1.25,1
1429,2,1,0,2.5,4.08,0
1430,0,0,0,1.75,1.83,1
1431,0,1,0,2.92,3.25,0
1432,1,0,0,4.33,4.25,1
1433,0,0,1,2.67,1.92,1
1434,2,0,0,1.67,4.17,0
1435,2,1,0,2.92,4.42,0
1436,2,0,0,1.58,4.08,1
1437,0,0,1,1.67,1.5,1
1438,2,0,0,2.75,3.83,1
1439,0,1,0,3.58,4.17,0
1440,0,0,0,1.5,3.08,0
1441,0,0,1,2.75,2.17,1
1442,0,0,0,2,2.33,1
1443,1,0,0,3.17,3.58,1
1444,2,1,0,4,4.42,0
1445,2,0,2,3.25,4.33,1
1446,0,0,1,1.67,2,1
1447,1,1,0,3.83,4.25,0
1448,2,1,0,4,4.33,0
1449,0,0,2,3.25,3.5,1
1450,2,1,0,2.67,4.17,0
1451,1,0,0,2,3.75,1
1452,2,0,0,2.75,4.25,1
1453,2,0,0,3.25,3.83,1
1454,0,0,0,3.25,4,1
1455,1,0,0,2.67,4,1
1456,0,1,0,3.17,2,0
1457,0,0,2,2.08,2.17,1
1458,2,2,0,3.42,4,0
1459,2,0,0,2.08,3.92,1
1460,0,0,0,2.33,3.5,1
1461,2,0,0,3.67,3.83,1
1462,1,0,1,2.42,3.67,1
1463,0,1,0,4.17,3.83,0
1464,2,0,0,3.17,4.17,1
1465,0,1,0,3.83,3.67,0
1466,0,1,0,2.42,2.83,0
1467,0,0,2,3.33,2.17,1
1468,1,1,0,4,3.25,0
1469,0,0,2,2.33,3.08,1
1470,0,0,0,2.42,3.08,1
1471,2,0,2,2.33,4.58,1
1472,2,1,0,4.58,4.58,0
1473,0,0,1,2.58,1.58,1
1474,1,0,0,1.92,3.33,1
1475,2,0,0,2.33,3.92,1
1476,2,1,0,2.92,4.25,0
1477,0,1,0,3.17,3.67,0
1478,0,0,1,3.25,3.67,1
1479,2,0,0,2.75,4.33,1
1480,2,1,0,2.75,4.5,0
1481,1,1,0,3.67,3.75,0
1482,2,0,0,3.83,3.92,1
1483,1,1,0,2.83,3.67,0
1484,0,0,0,2.92,3.58,1
1485,0,1,0,2.42,2,0
1486,0,0,1,2.08,1.42,1
1487,0,0,0,2.5,3.08,1
1488,0,0,0,2.5,1.83,1
1489,1,0,1,2.58,3.33,1
1490,0,0,0,1.92,2.83,0
1491,1,2,0,2.08,4,0
1492,2,1,0,3.08,4.08,0
1493,2,1,0,3.08,3.92,0
1494,2,1,0,3.17,4.33,0
1495,2,0,1,4,3.83,1
1496,0,0,2,2.08,3.25,1
1497,0,1,0,3.67,2.33,0
1498,2,1,0,3,4.17,0
1499,0,2,0,4.33,2.83,0
1500,2,1,0,2.92,3.58,0
1501,1,1,0,3.17,4,0
1502,1,0,0,1.75,2.09,0
1503,2,1,0,3.08,4.33,0
1504,0,0,0,3.5,2.92,1
1505,0,0,0,3.17,3.83,0
1506,0,0,2,2.17,3.5,1
1507,1,0,1,3.25,4.17,1
1508,2,0,1,3.83,4.33,1
1509,0,0,0,3,2.83,1
1510,0,0,0,4,2.42,1
1511,2,0,0,2.92,4.25,1
1512,0,2,0,4.17,2.33,0
1513,1,0,0,2.5,3.58,1
1514,0,1,0,3.42,2.67,0
1515,0,0,1,3.5,3.25,1
1516,2,1,0,3,3.67,0
1517,2,1,0,4.33,4.58,0
1518,2,1,0,2.75,3.75,0
1519,0,0,0,1.92,2.25,1
1520,0,1,0,2.08,3.33,0
1521,2,0,1,3.17,4.33,1
1522,2,1,0,3.17,4.42,0
1523,0,1,0,4.42,2.42,0
1524,0,0,1,1.83,1.5,1
1525,0,0,0,2.17,3.42,1
1526,2,0,0,2.58,4,1
1527,2,1,0,2.67,4.25,0
1528,0,1,0,2,3.08,0
1529,2,1,0,3.58,4.67,0
1530,2,1,0,2.17,4.17,0
1531,1,0,0,2.5,3.42,1
1532,0,1,0,3,3.83,0
1533,2,1,0,4,4.58,0
1534,2,2,0,2.25,3.92,0
1535,1,2,0,3.83,3.5,0
1536,0,0,0,2.25,1.67,1
1537,1,0,1,2.75,3.42,1
1538,1,0,1,3.33,4,1
1539,0,0,1,1.83,2,1
1540,0,0,0,2.5,3.08,1
1541,2,0,0,3.25,3.83,1
1542,2,0,0,2.67,3.83,1
1543,0,0,0,2.67,2.58,1
1544,1,0,0,2.67,4,1
1545,0,0,1,2.83,2.08,1
1546,0,1,0,2.58,2.75,0
1547,0,1,0,2.75,2.25,0
1548,0,1,0,4,2.75,0
1549,0,0,0,4,3,1
1550,0,0,0,3.08,3.25,1
1551,0,1,0,2.33,3.17,0
1552,0,0,1,3.17,2.08,1
1553,0,1,0,3.42,3.33,0
1554,1,1,0,3.17,4.42,0
1555,0,0,0,3.08,3.17,1
1556,2,1,0,2.67,3.75,0
1557,1,0,2,2.92,4,1
1558,0,0,0,2.33,3.67,1
1559,0,0,1,2.25,2.42,1
1560,0,1,0,4.67,3.58,0
1561,0,1,0,2.17,3.33,0
1562,2,0,0,2.92,4.42,0
1563,1,0,0,2.33,1.92,1
1564,0,0,1,1.42,2,1
1565,0,0,1,2.67,4,1
1566,1,0,0,2.33,3.58,1
1567,2,1,0,4.08,4.45,0
1568,0,0,0,1.67,2.08,1
1569,1,0,0,2.08,4.42,1
1570,2,1,0,3.58,4.33,0
1571,2,0,1,2.67,3.92,1
1572,1,0,1,2.92,2.75,1
1573,0,0,0,3.25,2.92,1
1574,2,2,0,3.75,3.67,0
1575,2,1,0,4.17,4.5,0
1576,1,0,0,2.83,4.17,1
1577,0,0,0,3,2.33,1
1578,0,1,0,4,2.92,0
1579,2,0,0,1.67,2.5,1
1580,0,0,0,4.42,3,1
1581,0,0,1,2.17,1.58,1
1582,1,0,0,2.75,3.92,1
1583,0,0,1,2.33,2,1
1584,2,0,0,3.75,4.25,1
1585,2,1,0,4,4.25,0
1586,2,1,0,4.17,4.5,0
1587,0,0,1,1.58,1.75,1
1588,0,0,2,3.33,3.75,1
1589,0,0,0,3.42,3.08,1
1590,1,1,0,3.58,3.58,0
1591,0,0,0,2.42,3,1
1592,2,1,0,2.92,4,0
1593,0,1,0,2.5,2.92,0
1594,1,0,1,2.5,3.83,1
1595,2,0,2,3.42,4.17,1
1596,1,1,0,2.08,3.58,0
1597,2,1,0,4.08,4.5,0
1598,0,0,0,1.75,1.42,1
1599,2,0,0,2.75,4.42,1
1600,0,0,1,2.67,1.83,1
1601,2,1,0,2.08,4.67,0
1602,0,0,0,2.33,2.92,1
1603,0,1,0,4.5,3.67,0
1604,1,0,2,2.75,3.25,1
1605,2,2,0,3.92,4,0
1606,0,0,0,3.92,3.33,1
1607,1,0,0,2.08,3.83,0
1608,0,0,1,2.42,3.08,1
1609,2,0,0,2.92,3.75,0
1610,1,1,0,2.83,4.33,0
1611,0,0,0,3.33,3,1
1612,2,1,0,3.67,4.08,0
1613,2,0,0,2.33,2.75,1
1614,2,0,1,3.5,4.08,1
1615,2,1,0,2.75,4.25,0
1616,0,0,1,2.25,2.17,1
1617,0,2,0,4.33,3.5,0
1618,2,0,2,2.33,4,1
1619,2,2,0,4.58,4,0
1620,1,0,0,2.92,3.67,0
1621,0,0,2,3.33,2.92,1
1622,2,1,0,2.08,4.08,0
1623,2,0,0,3.08,4,1
1624,1,1,0,3.67,3.42,0
1625,0,0,0,3.33,3.17,1
1626,0,1,0,2.58,3.75,0
1627,1,0,0,3.83,3.08,1
1628,0,0,0,2.92,3.75,1
1629,0,0,1,4.08,2.75,1
1630,0,0,0,1.58,1.75,1
1631,1,1,0,2,3.92,0
1632,0,0,0,2.42,1.58,1
1633,2,0,0,1.75,3.33,1
1634,2,0,1,3.25,3.83,1
1635,0,2,0,2.17,2.83,0
1636,1,0,1,1.75,3,1
1637,0,0,1,1.92,2.08,1
1638,1,0,0,2.75,3.75,1
1639,0,2,0,2,1.75,0
1640,1,1,0,3.5,3.92,0
1641,1,0,0,2.42,3.25,1
1642,1,1,0,2.5,3.5,0
1643,0,0,0,2.58,2.67,0
1644,2,1,0,3.75,3.58,0
1645,2,0,0,2.42,3.67,1
1646,0,0,0,1.75,1.83,1
1647,0,0,2,2.75,3.08,1
1648,2,1,0,2.42,3.92,0
1649,2,0,2,3.25,4.33,1
1650,1,0,2,3.33,3.17,1
1651,1,1,0,2.83,2.42,0
1652,1,0,2,3.08,2.83,1
1653,0,0,1,1.83,2.08,1
1654,0,0,0,2.67,2.58,1
1655,0,1,0,3.92,2.75,0
1656,0,0,2,2.92,3.33,1
1657,2,1,0,3.08,4.17,0
1658,1,0,1,2.42,3.75,1
1659,2,1,0,3.75,4.33,0
1660,2,0,0,2,2.5,1
1661,2,0,0,2.58,4,1
1662,1,0,1,2.58,4.08,1
1663,0,1,0,4.08,3.18,0
1664,0,0,2,2,1.58,1
1665,2,0,1,3.25,4.75,1
1666,0,0,0,3,2.17,1
1667,1,1,0,2.33,4.08,0
1668,1,1,0,2.92,4,0
1669,0,0,1,3.5,2.83,1
1670,1,0,0,2.08,2.83,1
1671,0,0,1,2.33,2.08,1
1672,0,0,1,2.92,2.25,1
1673,0,0,1,2,1.75,1
1674,2,1,0,2.25,3.92,0
1675,1,2,0,3.83,3.67,0
1676,0,0,0,1.58,1.58,1
1677,2,0,0,3.67,3.92,1
1678,0,0,0,3.83,3.92,1
1679,1,0,2,2.75,3,1
1680,2,1,0,3.5,3.83,0
1681,2,1,0,2.82,4.08,0
1682,1,0,0,2.92,3.58,1
1683,0,0,0,3.67,4,0
1684,2,1,0,3.67,4.25,0
1685,0,1,0,3,3.08,0
1686,1,0,0,3.42,3.83,1
1687,0,0,2,3.08,3.83,1
1688,0,0,0,3.42,3.58,1
1689,1,0,0,2.83,3.75,1
1690,0,0,1,1.25,1.5,1
1691,2,1,0,2.58,4.5,0
1692,2,0,0,3.58,4.42,0
1693,1,0,1,2.75,2.83,1
1694,0,1,0,2.5,2.42,0
1695,2,1,0,3.75,4.17,0
1696,2,1,0,2.42,3.83,0
1697,2,1,0,3.17,3.75,0
1698,2,2,0,4.33,3.75,0
1699,2,0,0,2.17,3.58,1
1700,1,0,0,2.5,3.58,1
1701,1,0,0,2.42,4.08,1
1702,1,0,0,3.42,2.67,1
1703,1,0,0,2.25,3.42,1
1704,0,0,1,4.17,2.75,1
1705,2,1,0,2.42,4,0
1706,1,0,0,3.25,3.5,1
1707,0,0,2,2.67,3.33,1
1708,0,0,0,3.58,2.58,1
1709,2,1,0,2.75,4.08,0
1710,1,0,0,2.17,3.58,1
1711,2,1,0,4.42,4.58,0
1712,1,1,0,3.64,3.42,0
1713,0,2,0,4.83,3.67,0
1714,2,2,0,4.83,4.33,0
1715,0,0,0,3.17,3,1
1716,2,0,0,3.58,4.42,1
1717,1,1,0,4.08,4,0
1718,1,1,0,2.5,3.42,0
1719,1,0,0,2.83,3.83,1
1720,2,1,0,4.08,4,0
1721,2,1,0,4,4.42,0
1722,2,1,0,2.08,3.92,0
1723,0,0,0,2.67,3.33,1
1724,0,0,0,1.92,2.25,0
1725,2,1,0,4.33,4.42,0
1726,0,2,0,4.58,4,0
1727,0,0,0,2.58,3.67,1
1728,2,1,0,2.58,4.08,0
1729,1,0,1,3.42,2.83,1
1730,2,1,0,3.25,3.92,0
1731,0,0,1,3.33,3.58,1
1732,2,1,0,3.67,4.25,0
1733,2,0,0,3.75,4.08,1
1734,2,0,0,2.83,4.17,1
1735,1,0,2,2,2.58,1
1736,2,1,0,3.42,4.25,0
1737,1,0,0,2.42,3.08,1
1738,1,0,0,2.25,3,1
1739,2,0,1,2.75,4.17,1
1740,1,1,0,3.42,4,0
1741,0,0,0,1.75,2.83,1
1742,2,0,0,2.75,4,0
1743,2,1,0,3.33,4.17,0
1744,0,0,1,3.33,2.92,1
1745,1,1,0,3.42,3.83,0
1746,2,0,0,2.58,3.33,1
1747,1,0,2,2.92,4.17,1
1748,1,0,2,2.58,4,1
1749,0,0,1,2.42,2.42,1
1750,1,1,0,2.5,3.83,0
1751,0,0,1,2.67,3.58,1
1752,2,1,0,3.42,4.25,0
1753,0,1,0,2.42,2.08,0
1754,2,0,0,2.75,3.58,1
1755,2,1,0,3.92,4.17,0
1756,2,0,0,2.83,3.83,1
1757,1,1,0,3.5,4.25,0
1758,2,0,0,3.25,3.5,1
1759,1,0,0,2.5,3.67,1
1760,0,0,1,2.17,1.67,1
1761,1,0,1,1.83,2.67,1
1762,2,0,0,2.08,4.25,1
1763,0,0,0,2.5,3.08,1
1764,1,0,0,4.17,4.17,1
1765,1,2,0,2.92,3.33,0
1766,0,0,0,2.25,3.58,1
1767,0,0,0,2.5,2.58,1
1768,2,1,0,3.92,4.42,0
1769,1,0,0,2.83,3.17,1
1770,0,1,0,4.33,3,0
1771,1,0,0,2.83,4.33,1
1772,1,0,0,2.58,3.75,1
1773,0,0,1,1.75,1.75,1
1774,1,0,1,2.58,3.67,1
1775,0,0,2,2.42,3.17,1
1776,1,1,0,3.33,3.67,0
1777,2,1,0,2.83,4.5,0
1778,1,1,0,2.25,3.83,0
1779,1,1,0,3,3.83,0
1780,0,2,0,4,2.67,0
1781,1,0,1,3.25,4,1
1782,2,1,0,3.25,4.17,0
1783,0,0,0,2.5,2.25,1
1784,2,0,0,2.33,3.92,0
1785,1,0,0,3,3.17,1
1786,2,0,1,3.25,4.58,1
1787,0,1,0,3.75,2.92,1
1788,0,0,1,2,1.92,1
1789,0,0,0,2.83,4.17,1
1790,0,0,0,2.58,3.67,1
1791,0,1,0,4,3.17,0
1792,2,1,0,3.17,4,0
1793,0,0,0,2.42,4.08,0
1794,0,0,2,2.75,2.67,1
1795,0,0,0,3.17,3,1
1796,2,2,0,3.17,4,0
1797,2,0,0,2.83,4.08,1
1798,1,1,0,2.17,2.42,0
1799,1,0,0,2.08,4,1
1800,2,1,0,3,4.5,0
1801,0,0,0,3.58,2.25,1
1802,1,0,0,3.08,4,0
1803,1,1,0,2.67,3.92,0
1804,2,1,0,4.17,4,0
1805,2,0,0,2.25,3,1
1806,1,0,0,3.08,3.58,1
1807,0,2,0,3.33,3.75,0
1808,0,0,0,4.33,3.25,1
1809,2,0,1,2.33,4.08,1
1810,0,0,2,2.25,1.83,1
1811,1,0,0,2.42,3.67,1
1812,2,0,0,3.17,4.08,1
1813,2,0,2,2.25,4,1
1814,0,0,2,2.67,3.58,1
1815,0,0,0,2.83,2.5,1
1816,2,1,0,2.92,4,0
1817,2,1,0,2,4.42,0
1818,0,0,0,2.5,3.08,1
1819,2,1,0,3.17,4,0
1820,0,0,0,3.08,3.5,1
1821,0,1,0,1.42,2.17,0
1822,1,2,0,3.92,3.58,0
1823,1,0,1,1.83,2.08,1
1824,2,0,0,3.08,4,1
1825,1,0,0,2.92,3.83,1
1826,2,0,0,1.75,3.17,1
1827,0,0,0,3.75,2.75,1
1828,0,0,0,2.33,2.33,1
1829,2,0,0,2.67,4.5,1
1830,0,1,0,2.92,2.92,0
1831,1,1,0,2,3.67,0
1832,2,0,0,2,3.75,1
1833,1,1,0,1.83,3.33,0
1834,2,0,0,3.17,4.25,1
1835,0,0,0,2.42,3.58,1
1836,0,0,0,2.5,3.25,1
1837,2,0,0,3.25,3.75,1
1838,2,2,0,3.75,3.83,0
1839,2,1,0,4.17,4.5,0
1840,0,0,0,3.33,3,1
1841,2,1,0,2.83,4.42,0
1842,1,0,0,2.17,3,1
1843,1,0,1,3.83,3.25,1
1844,0,0,2,2.25,1.67,1
1845,2,1,0,3.17,4,0
1846,0,0,2,2.17,1.92,1
1847,2,2,0,3.67,4.5,0
1848,2,0,0,3.17,3.83,1
1849,0,0,1,3.08,2.5,1
1850,2,1,0,2.58,3.58,0
1851,2,0,0,3.5,4.42,1
1852,1,1,0,2.42,3.83,0
1853,2,1,0,4.58,4.5,0
1854,0,2,0,4.25,3.17,0
1855,0,0,0,2.5,1.67,1
1856,2,0,1,3.67,4.33,1
1857,2,1,0,3.75,3.75,0
1858,0,0,1,3.17,3.5,1
1859,0,1,0,3.08,3.92,0
1860,1,1,0,4.42,2.92,0
1861,0,0,0,3.17,2.5,1
1862,1,0,0,2.25,3.33,1
1863,1,1,0,2.75,3.17,0
1864,1,0,1,3.25,4,1
1865,2,0,0,2.83,4.25,1
1866,2,1,0,4,4.5,0
1867,0,0,0,3.5,2.42,1
1868,0,0,0,2.42,3.5,1
1869,2,1,0,2.92,4.18,0
1870,2,1,0,3.67,4.42,0
1871,2,1,0,3.5,4.58,0
1872,0,1,0,2.5,3.5,0
1873,1,0,0,2.33,3.25,1
1874,1,1,0,2.42,3.92,0
1875,2,1,0,1.58,4.33,0
1876,2,1,0,2.92,4.17,0
1877,0,1,0,2.42,4,0
1878,2,1,0,3.5,3.42,0
1879,2,1,0,3.42,4.08,0
1880,2,0,1,2.83,4.42,1
1881,0,0,2,2.58,2.67,1
1882,2,1,0,2.17,3.92,0
1883,0,0,0,2.42,3.42,1
1884,2,1,0,2.33,4.42,0
1885,1,1,0,2.08,3.42,0
1886,1,0,0,2.08,2.92,1
1887,0,0,0,3,3.83,1
1888,0,0,0,2.25,3.67,1
1889,0,1,0,2.33,3.83,0
1890,0,1,0,4.33,2.83,0
1891,2,1,0,3.33,4.33,0
1892,0,0,0,2.08,2.17,1
1893,1,1,0,2.42,3.75,0
1894,2,0,0,2,4.25,0
1895,1,0,0,2.42,3.75,1
1896,1,1,0,3.33,4.08,0
1897,2,0,0,3.5,4.67,0
1898,0,0,0,2.67,2.92,1
1899,2,1,0,3.08,3.92,0
1900,2,0,1,1.92,4.33,1
1901,2,2,0,3.42,4.33,0
1902,0,0,1,3.92,3.08,1
1903,0,0,1,2.58,2.58,1
1904,1,0,0,1.5,3.25,0
1905,2,1,0,2,4.25,0
1906,0,0,1,2.58,3.5,1
1907,1,1,0,3.58,4.25,0
1908,0,0,2,2.42,2.25,1
1909,1,2,0,2.75,3.42,0
1910,2,1,0,3.17,3.92,0
1911,2,0,0,2.17,3.83,1
1912,0,0,0,2.5,3.67,1
1913,2,0,0,2.5,4.25,0
1914,0,0,0,2.33,2.83,1
1915,2,1,0,2.58,4,0
1916,1,2,0,4.25,3.08,0
1917,1,2,0,3,3.92,0
1918,1,1,0,2.42,3,0
1919,1,0,0,1.83,2.92,1
1920,1,1,0,2.58,3,0
1921,1,1,0,4.08,2.67,0
1922,0,1,0,3,3.5,0
1923,0,2,0,4.67,2.67,0
1924,1,1,0,2.25,3.25,0
1925,0,0,2,1.42,2.92,1
1926,2,1,0,3.83,4.58,0
1927,1,0,0,2.58,4.25,0
1928,2,0,0,2.92,4.75,0
1929,2,0,0,2.08,3.83,1
1930,0,0,1,3.83,3.75,1
1931,1,0,0,2.42,4.08,1
1932,2,0,0,3,4,1
1933,0,1,0,2.67,2.42,0
1934,1,0,0,3.17,3.67,1
1935,2,2,0,2.67,4.25,0
1936,2,0,0,2.17,3.83,0
1937,1,0,0,2,3.17,1
1938,0,0,0,3.17,2.83,1
1939,2,0,0,3.33,4.17,1
1940,1,2,0,2.58,4,0
1941,2,1,0,3.17,4.42,0
1942,2,1,0,2.5,3.33,0
1943,0,0,0,3.08,3.08,1
1944,2,1,0,3.92,4.08,0
1945,2,0,0,1.67,3.58,1
1946,2,0,0,3.33,4.5,1
1947,0,0,0,3.67,3.08,1
1948,0,0,1,2.25,1.75,1
1949,0,0,1,2.08,3.08,1
1950,2,1,0,2.17,4.25,0
1951,0,0,0,1.83,1.42,1
1952,2,0,1,1.92,4.25,1
1953,0,0,0,1.83,2.5,1
1954,2,2,0,4.08,4.17,0
1955,1,1,0,4.58,3.25,0
1956,0,0,0,4.17,2.75,1
1957,1,1,0,2.33,4.17,0
1958,0,0,0,2.83,2.33,1
1959,0,0,1,2.42,1.67,1
1960,0,1,0,2.08,3.17,0
1961,1,0,0,2.58,3.5,1
1962,2,0,0,2.33,3.92,1
1963,2,1,0,3.92,4.42,0
1964,2,0,0,2.92,4.33,0
1965,2,0,1,2.92,4.17,1
1966,0,0,0,2.58,2.17,1
1967,1,1,0,2.83,3.33,0
1968,1,0,2,1.92,3.5,1
1969,0,1,0,3.67,2.42,0
1970,0,0,0,3.42,3.5,1
1971,1,0,0,2.92,4.33,1
1972,1,0,1,3.17,3.83,1
1973,2,1,0,4.17,4.5,0
1974,1,0,0,1.5,3.17,1
1975,0,0,0,3.75,2.58,1
1976,2,1,0,2.5,4.25,0
1977,1,0,0,3.42,3.83,1
1978,0,0,0,1.83,1.92,0
1979,0,0,1,2.08,1.83,1
1980,1,0,0,2.83,3.08,1
1981,2,0,0,2.58,4,1
1982,0,0,0,2.5,2,1
1983,0,0,0,2.58,2.83,1
1984,0,0,0,3.08,2.17,1
1985,2,0,0,1.92,3.92,0
1986,0,0,1,2.33,2.08,1
1987,2,0,0,2.83,3.83,0
1988,0,1,0,3.83,3.42,0
1989,0,1,0,2.08,3.25,0
1990,2,1,0,2.92,4,0
1991,2,0,0,3.08,4,1
1992,1,0,1,3,3.42,1
1993,2,1,0,3.58,4.17,0
1994,0,0,1,2.5,2.42,1
1995,1,0,0,3.17,3.58,1
1996,1,0,0,3.08,3.83,1
1997,0,1,0,3.67,3.42,0
1998,2,1,0,2.92,3.67,0
1999,2,1,0,3.83,4,0
2000,1,0,0,1.75,3.08,1
2001,2,0,0,3,4.08,1
2002,2,1,0,2.92,4.25,0
2003,1,0,0,3.33,3.83,1
2004,1,2,0,3,3.58,0
2005,2,1,0,4,3.75,0
2006,0,1,0,2.58,2.42,0
2007,1,1,0,3.83,3.58,0
2008,2,1,0,2.58,3.75,0
2009,1,0,0,2.92,3.75,1
2010,2,0,1,2.25,4,1
2011,0,0,0,1.75,1.5,1
2012,1,1,0,3.42,2.25,0
2013,0,0,2,2.58,1.5,1
2014,2,0,1,3.08,3.58,1
2015,2,1,0,3.75,4,0
2016,0,0,1,2.25,2.83,1
2017,0,0,0,2.42,2.58,1
2018,2,1,0,2.83,3.92,0
2019,0,0,0,3.08,2.58,1
2020,0,0,1,2.58,3.08,1
2021,2,1,0,3.42,4.5,0
2022,2,0,2,2.5,4.83,1
2023,0,1,0,3.67,3.75,0
2024,2,0,0,2.25,4.17,0
2025,2,0,0,1.5,3.42,0
2026,0,0,0,2.67,1.92,1
2027,1,1,0,4,3.25,0
2028,1,0,0,2.67,3.67,1
2029,1,0,2,2.42,3.75,1
2030,1,0,0,2.25,2.75,1
2031,2,0,1,3.58,4.33,1
2032,1,0,0,3.08,4.33,1
2033,2,1,0,4.08,4.25,0
2034,0,0,1,2.5,2.33,1
2035,2,0,0,3.58,4.25,0
2036,1,0,1,3.75,4,1
2037,1,0,0,2.33,2.83,0
2038,0,0,0,4.17,2.83,1
2039,2,0,0,2.58,4.17,0
2040,0,0,0,2.75,2.92,1
2041,2,1,0,3.17,4.17,0
2042,1,1,0,3.67,4,0
2043,2,0,1,3.58,4,1
2044,1,0,0,3.83,3.58,1
2045,0,0,0,3,2.42,1
2046,0,0,2,2.75,3.75,1
2047,0,0,0,3.42,3.08,1
2048,2,2,0,3.75,3.83,0
2049,0,0,0,2.17,3.58,0
2050,2,2,0,3.5,3.83,0
2051,2,1,0,3,4.08,0
2052,2,0,0,2.83,3.67,1
2053,0,1,0,2.67,3.5,0
2054,0,1,0,4,3.83,0
2055,1,0,1,2.75,2,1
2056,1,0,0,2.5,2.58,1
2057,1,2,0,3.67,3.17,0
2058,1,0,0,2.42,3.08,1
2059,0,0,2,3.83,2.92,1
2060,0,0,1,3.08,2.58,1
2061,2,1,0,3.67,4.08,0
2062,2,0,0,2.58,4.33,0
2063,2,1,0,2.17,3.67,0
2064,0,0,1,2.25,1.67,1
2065,2,0,1,2.92,3.5,1
2066,0,1,0,3.75,3.58,0
2067,0,1,0,4.58,3.42,0
2068,1,0,0,2,3.5,1
2069,2,0,0,4.08,4.33,1
2070,2,1,0,3.33,3.75,0
2071,0,0,0,1.83,1.67,1
2072,0,1,0,2.25,2.58,0
2073,2,1,0,4,4.42,0
2074,2,0,0,3.75,3.83,1
2075,0,0,0,2.17,2.75,1
2076,0,0,1,2.25,3.75,1
2077,1,0,0,1.75,1.83,1
2078,1,0,2,2.67,3.5,1
2079,1,0,0,3.25,3.58,1
2080,2,0,2,2.67,3.83,1
2081,0,0,0,2.75,4,1
2082,2,0,0,2.92,3.67,0
2083,0,0,0,3.25,2.58,1
2084,1,0,0,3.67,3.5,1
2085,1,0,0,1.58,1.83,0
2086,2,2,0,4.33,4,0
2087,0,1,0,2,1.92,0
2088,2,0,1,3.33,4.33,1
2089,1,0,1,2.25,3.08,1
2090,1,1,0,4.33,3.5,0
2091,0,0,0,2.67,1.83,0
2092,0,0,1,3,1.58,1
2093,1,0,0,2.08,4.33,1
2094,0,0,0,3.92,2.92,1
2095,0,0,1,2.58,1.58,1
2096,2,1,0,3.08,4.25,0
2097,2,0,0,3.25,4.33,0
2098,1,0,1,2.5,2.17,1
2099,2,1,0,2.83,4.33,0
2100,0,0,0,1.92,3.5,0
2101,2,1,0,4.17,3.92,0
2102,1,0,1,3.25,3.75,1
2103,2,0,2,3.5,3.92,1
2104,1,1,0,3.67,3.75,0
2105,1,0,1,3.33,2.83,1
2106,0,0,0,2.75,2.25,1
2107,2,0,0,1.67,3.83,1
2108,1,0,0,2.42,3.42,1
2109,2,1,0,2.5,4.17,0
2110,1,0,0,2.83,3.67,1
2111,1,0,0,3,3.42,1
2112,0,0,1,2.25,3.08,1
2113,2,0,0,3.25,3.83,1
2114,1,0,0,1.67,2.92,1
2115,1,0,0,2.83,3.42,1
2116,0,0,1,2.25,3,1
2117,2,1,0,3.08,3.92,0
2118,2,1,0,4,4.42,0
2119,2,0,0,2.42,3.67,1
2120,1,0,0,2.5,3.42,1
2121,0,0,1,3.08,3.67,1
2122,2,1,0,3.33,3.75,0
2123,1,0,0,2.5,2.58,0
2124,1,1,0,3,3.83,0
2125,2,1,0,3.17,3.92,0
2126,1,1,0,4.25,3.75,0
2127,2,0,0,3,3.83,0
2128,2,2,0,3.5,3.67,0
2129,2,1,0,3.5,4,0
2130,0,0,0,1.75,1.75,0
2131,1,1,0,3.67,3.5,0
2132,2,0,0,3.58,4.58,1
2133,1,0,0,2.42,3.25,1
2134,1,0,0,2.92,3.5,1
2135,2,0,0,2.58,3.33,1
2136,0,0,0,2.33,2.17,1
2137,1,1,0,3.83,4.5,0
2138,1,0,0,2.5,2.83,0
2139,0,1,0,3.58,3.67,0
2140,0,0,0,1.5,2.25,1
2141,1,1,0,3.75,4.08,0
2142,1,1,0,2.5,4.25,0
2143,0,0,1,1.17,1.75,1
2144,0,0,0,2.58,3.17,0
2145,0,0,0,3.08,3.25,1
2146,0,0,0,2.58,2.92,1
2147,1,0,0,1.75,4,0
2148,0,0,2,2.08,2.58,1
2149,2,0,1,3.42,3.83,1
2150,1,0,2,2.67,3.92,1
2151,1,0,0,3.75,3.75,0
2152,1,0,0,2.33,3.5,1
2153,1,1,0,3.92,4,0
2154,0,0,0,2.08,2.25,1
2155,0,0,0,2.58,1.92,1
2156,2,0,2,3.42,4.25,1
2157,2,1,0,4.33,4.25,0
2158,0,0,0,2.33,3.17,1
2159,0,0,1,2.08,1.67,1
2160,2,0,0,2.33,3.58,1
2161,0,0,0,2.25,3,1
2162,0,0,0,2.83,3.08,1
2163,1,1,0,3.17,3.67,0
2164,2,1,0,2.75,3.67,0
2165,2,0,0,3.08,4.17,0
2166,0,1,0,2.42,2.67,0
2167,2,0,0,2.83,4.25,1
2168,1,0,0,2.33,2.42,1
2169,0,0,1,2.08,2.83,1
2170,2,0,1,2.83,4,1
2171,0,0,0,3.67,3.25,1
2172,2,0,0,2.83,3.92,1
2173,0,2,0,3.75,3.67,0
2174,0,0,0,1.75,2.83,1
2175,0,0,1,1.67,3.08,1
2176,2,1,0,3.75,4.17,0
2177,0,0,1,2.83,1.83,1
2178,2,1,0,3.5,4.42,0
2179,0,0,0,2.58,2.67,1
2180,1,1,0,2.92,3.75,0
2181,1,0,1,2.92,4.5,1
2182,0,0,0,2.83,3.5,1
2183,1,0,0,2.08,3.83,0
2184,0,0,0,2.75,2.92,1
2185,2,1,0,3.75,4.42,0
2186,2,1,0,3.92,4.08,0
2187,1,0,0,3.5,2.92,1
2188,1,1,0,1.92,3,0
2189,1,0,0,3.08,4.25,1
2190,2,0,0,2,4.25,1
2191,1,1,0,2.58,3.5,0
2192,2,2,0,3.42,4.25,0
2193,1,0,1,2.5,2.67,1
2194,2,1,0,3.5,4.25,0
2195,0,0,0,2.67,3.08,1
2196,0,0,2,3,3.42,1
2197,2,0,1,2.67,4,1
2198,0,0,1,3.42,2.83,1
2199,1,2,0,4.17,2.92,0
2200,1,0,2,2.25,3.33,1
2201,2,1,0,2.92,4.08,0
2202,0,0,1,2.42,2.08,1
2203,2,1,0,3.92,4.33,0
2204,0,1,0,4.42,3,0
2205,1,0,0,2.83,3.25,1
2206,2,1,0,4.75,4.42,0
2207,1,0,1,2.83,3.83,1
2208,2,1,0,3.92,4.5,0
2209,0,0,1,1.67,1.42,1
2210,2,1,0,2.83,3.75,0
2211,0,0,2,2.92,4.17,1
2212,0,1,0,3.58,3.17,0
2213,1,0,0,2,2.75,1
2214,1,0,0,2.58,3.58,1
2215,0,0,1,2.67,2.08,1
2216,1,0,0,2.5,3.58,0
2217,1,0,0,2.5,3.92,1
2218,1,1,0,4.42,3.17,0
2219,0,2,0,3.42,1.92,0
2220,2,0,0,2.75,4.17,1
2221,2,1,0,3.92,4.17,0
2222,1,0,0,2.92,3.67,0
